VI,STR_wet,STR_dry,STR_wet_fit,STR_dry_fit
0.0825,1.2041517496109009,0.38764595687389375,0.8830826238990719,0.2664764012083567
0.08750000000000001,1.1295115947723389,0.36564207077026367,0.8936221122958986,0.2731646182459851
0.09250000000000001,1.143186092376709,0.3321168184280396,0.9041616006927253,0.27985283528361343
0.09750000000000002,1.1160458326339722,0.3054210841655731,0.9147010890895519,0.2865410523212417
0.10250000000000002,1.0719069242477417,0.3011304438114166,0.9252405774863787,0.2932292693588701
0.10750000000000003,1.0003180503845215,0.3052411675453186,0.9357800658832054,0.29991748639649846
0.11250000000000003,0.9477772116661072,0.31509870290756226,0.9463195542800321,0.3066057034341268
0.11750000000000003,0.923366904258728,0.3222132921218872,0.9568590426768588,0.31329392047175514
0.12250000000000004,0.923366904258728,0.32468172907829285,0.9673985310736855,0.3199821375093835
0.12750000000000006,0.9483823776245117,0.3298656642436981,0.9779380194705123,0.3266703545470119
0.13250000000000006,0.9792578220367432,0.33853156864643097,0.9884775078673389,0.3333585715846402
0.13750000000000007,1.0016124248504639,0.3440762460231781,0.9990169962641656,0.34004678862226856
0.14250000000000007,1.016648769378662,0.3454885482788086,1.0095564846609923,0.3467350056598969
0.14750000000000008,1.0454226136207572,0.3503729999065399,1.020095973057819,0.35342322269752524
0.15250000000000008,1.0572251081466675,0.35678040981292725,1.0306354614546458,0.3601114397351536
0.15750000000000008,1.0523875951766968,0.3652152717113495,1.0411749498514724,0.3667996567727819
0.1625000000000001,1.0690906047821045,0.37559279799461365,1.051714438248299,0.37348787381041026
0.1675000000000001,1.0761489868164062,0.3876120448112488,1.0622539266451259,0.3801760908480386
0.1725000000000001,1.0676859617233276,0.39399224519729614,1.0727934150419525,0.38686430788566695
0.1775000000000001,1.0676859617233276,0.40117713809013367,1.0833329034387793,0.3935525249232953
0.1825000000000001,1.065583348274231,0.4038165733218193,1.093872391835606,0.40024074196092363
0.1875000000000001,1.0613938570022583,0.40777838230133057,1.1044118802324325,0.40692895899855197
0.19250000000000012,1.0669144392013548,0.4082539975643158,1.1149513686292594,0.4136171760361803
0.19750000000000012,1.0655133724212644,0.4106404781341553,1.125490857026086,0.42030539307380865
0.20250000000000012,1.0683879852294922,0.414004921913147,1.1360303454229128,0.426993610111437
0.20750000000000013,1.0932232618331912,0.41837120056152344,1.1465698338197394,0.43368182714906534
0.21250000000000013,1.1013965427875507,0.4274919629096985,1.157109322216566,0.4403700441866937
0.21750000000000014,1.1001200973987575,0.4347805082798004,1.1676488106133929,0.447058261224322
0.22250000000000014,1.1239506959915158,0.44514442682266236,1.1781882990102195,0.45374647826195036
0.22750000000000015,1.1363223791122437,0.461164265871048,1.1887277874070463,0.4604346952995787
0.23250000000000015,1.130265712738037,0.4603574872016907,1.199267275803873,0.46712291233720704
0.23750000000000016,1.1408922672271729,0.470135360956192,1.2098067642006995,0.4738111293748354
0.24250000000000016,1.1570740938186646,0.47874086499214175,1.2203462525975264,0.4804993464124637
0.24750000000000016,1.1609704494476318,0.4773300886154175,1.2308857409943532,0.48718756345009206
0.25250000000000017,1.1694838225841517,0.48833680152893066,1.2414252293911798,0.4938757804877204
0.2575000000000002,1.1807080507278442,0.49238088577985767,1.2519647177880064,0.5005639975253487
0.2625000000000002,1.2031289339065552,0.4981478750705719,1.262504206184833,0.5072522145629771
0.2675000000000002,1.193568468093872,0.505049467086792,1.27304369458166,0.5139404316006054
0.2725000000000002,1.2132023572921753,0.5105530619621277,1.2835831829784867,0.5206286486382338
0.2775000000000002,1.2334282159805297,0.5156057357788086,1.2941226713753133,0.5273168656758621
0.2825000000000002,1.2366440296173096,0.5294637680053711,1.30466215977214,0.5340050827134905
0.2875000000000002,1.229886531829834,0.5315825700759887,1.3152016481689666,0.5406932997511188
0.2925000000000002,1.265039324760437,0.5376138687133789,1.3257411365657934,0.5473815167887471
0.2975000000000002,1.2584679901599882,0.5406409323215484,1.3362806249626202,0.5540697338263755
0.3025000000000002,1.2402114391326904,0.548474133014679,1.3468201133594468,0.5607579508640039
0.3075000000000002,1.2846258044242858,0.5587131917476654,1.3573596017562735,0.5674461679016323
0.3125000000000002,1.2862311601638794,0.552607074379921,1.3678990901531,0.5741343849392606
0.3175000000000002,1.3179394543170928,0.5659254789352417,1.378438578549927,0.580822601976889
0.32250000000000023,1.3431968688964844,0.5725957155227661,1.3889780669467537,0.5875108190145173
0.32750000000000024,1.3475562572479243,0.5787864446640014,1.3995175553435804,0.5941990360521456
0.33250000000000024,1.3690558671951294,0.5937043815851212,1.410057043740407,0.600887253089774
0.33750000000000024,1.401076078414917,0.5922285318374634,1.4205965321372336,0.6075754701274023
0.34250000000000025,1.3989768266677858,0.600571072101593,1.4311360205340604,0.6142636871650307
0.34750000000000025,1.4340629279613497,0.6051316529512405,1.4416755089308873,0.620951904202659
0.35250000000000026,1.4647031545639035,0.5999309062957764,1.4522149973277139,0.6276401212402873
0.35750000000000026,1.4634286165237427,0.6155190467834473,1.4627544857245405,0.6343283382779157
0.36250000000000027,1.4392895698547363,0.6240002512931824,1.473293974121367,0.641016555315544
0.36750000000000027,1.478392243385315,0.6294887125492097,1.483833462518194,0.6477047723531724
0.3725000000000003,1.475168228149414,0.632837438583374,1.4943729509150208,0.6543929893908007
0.3775000000000003,1.5317670226097113,0.6456598937511444,1.5049124393118474,0.661081206428429
0.3825000000000003,1.5089523792266846,0.6593258261680603,1.515451927708674,0.6677694234660574
0.3875000000000003,1.5752489864826202,0.6599780261516571,1.5259914161055006,0.6744576405036857
0.3925000000000003,1.5643797993659971,0.6766026079654693,1.5365309045023274,0.6811458575413141
0.3975000000000003,1.5635658621788022,0.6895734369754791,1.5470703928991543,0.6878340745789424
0.4025000000000003,1.5978421211242673,0.6846688985824585,1.5576098812959809,0.6945222916165708
0.4075000000000003,1.5564401149749756,0.6814213275909424,1.5681493696928075,0.7012105086541991
0.4125000000000003,1.6030043363571167,0.7068105787038803,1.578688858089634,0.7078987256918274
0.4175000000000003,1.641970509290695,0.6995449006557465,1.589228346486461,0.7145869427294558
0.4225000000000003,1.609579652547836,0.7121332198381424,1.5997678348832878,0.7212751597670841
0.4275000000000003,1.650774788856506,0.7114655613899231,1.6103073232801144,0.7279633768047125
0.43250000000000033,1.558752417564392,0.7164589613676071,1.620846811676941,0.7346515938423408
0.43750000000000033,1.6040873765945434,0.7222376585006715,1.6313863000737676,0.7413398108799691
0.44250000000000034,1.648144829273224,0.7364187121391297,1.6419257884705944,0.7480280279175975
0.44750000000000034,1.6822085380554197,0.7362347841262817,1.6524652768674213,0.7547162449552258
0.45250000000000035,1.6262763023376463,0.7557881474494934,1.663004765264248,0.7614044619928542
0.45750000000000035,1.6415350437164307,0.7509174942970276,1.6735442536610745,0.7680926790304825
0.46250000000000036,1.6430906355381012,0.7560201287269592,1.6840837420579011,0.774780896068111
0.46750000000000036,1.6755987405776978,0.7586118429899216,1.694623230454728,0.7814691131057393
0.47250000000000036,1.659075379371643,0.755949804186821,1.7051627188515548,0.7881573301433676
0.47750000000000037,1.6845917701721191,0.7683030992746354,1.7157022072483814,0.794845547180996
0.4825000000000004,1.6907978177070615,0.8068287014961243,1.726241695645208,0.8015337642186243
0.4875000000000004,1.7592509508132932,0.8046391606330872,1.7367811840420349,0.8082219812562527
0.4925000000000004,1.7988766193389891,0.8053365349769592,1.7473206724388615,0.814910198293881
0.4975000000000004,1.7920370280742641,0.82265884578228,1.757860160835688,0.8215984153315093
0.5025000000000003,1.7549399137496948,0.8539447784423828,1.7683996492325147,0.8282866323691375
0.5075000000000003,1.7879574954509734,0.8371891975402832,1.7789391376293413,0.8349748494067658
0.5125000000000003,1.8064697027206422,0.839823517203331,1.7894786260261681,0.8416630664443941
0.5175000000000003,1.8699449479579926,0.841996505856514,1.8000181144229948,0.8483512834820225
0.5225000000000003,1.8906762599945062,0.8549039721488952,1.8105576028198214,0.8550395005196508
0.5275000000000003,1.8210023939609525,0.8688385725021363,1.8210970912166482,0.8617277175572792
0.5325000000000003,1.8569236040115353,0.8653362393379211,1.8316365796134748,0.8684159345949075
0.5375000000000003,1.9011269152164456,0.8756748974323273,1.8421760680103016,0.875104151632536
0.5425000000000003,1.913049793243408,0.8835466623306274,1.8527155564071283,0.8817923686701643
0.5475000000000003,2.060362696647644,0.89271280169487,1.8632550448039549,0.8884805857077926
0.5525000000000003,1.8895361721515656,0.9077103734016418,1.8737945332007817,0.895168802745421
0.5575000000000003,2.0028529167175293,0.90877545773983,1.8843340215976083,0.9018570197830493
0.5625000000000003,2.0558940172195435,0.9333944767713547,1.8948735099944352,0.9085452368206777
0.5675000000000003,1.861828863620758,0.9476270824670792,1.9054129983912618,0.915233453858306
0.5725000000000003,2.0045058727264404,0.9243051290512085,1.9159524867880884,0.9219216708959344
0.5775000000000003,1.932357048988342,0.9645327448844909,1.9264919751849152,0.9286098879335627
0.5825000000000004,1.9996354103088378,0.9465078979730606,1.9370314635817418,0.935298104971191
0.5875000000000004,2.0250849843025205,0.9773706197738647,1.9475709519785687,0.9419863220088194
0.5925000000000004,2.0451228260993957,0.9741103291511536,1.9581104403753953,0.9486745390464477
0.5975000000000004,1.9669843912124634,0.9625724941492081,1.968649928772222,0.9553627560840761
0.6025000000000004,2.1232030153274537,0.9819075345993042,1.9791894171690487,0.9620509731217044
0.6075000000000004,2.0769898176193236,0.9819707691669464,1.9897289055658753,0.9687391901593327
0.6125000000000004,2.0874820113182064,0.9870122879743576,2.000268393962702,0.9754274071969611
0.6175000000000004,2.0503265857696533,0.9892400205135345,2.010807882359529,0.9821156242345894
0.6225000000000004,2.046827220916748,1.0012239694595337,2.0213473707563554,0.9888038412722178
0.6275000000000004,1.9734359979629517,1.0036294281482696,2.0318868591531825,0.9954920583098461
0.6325000000000004,1.9497172594070435,1.03109472990036,2.042426347550009,1.0021802753474744
0.6375000000000004,1.9838230848312377,1.0350689888000488,2.0529658359468357,1.0088684923851028
0.6425000000000004,1.9411790490150453,1.0301550388336183,2.0635053243436623,1.0155567094227311
0.6475000000000004,1.907268100976944,1.0323725938796997,2.074044812740489,1.0222449264603595
0.6525000000000004,1.9458305835723877,1.0421158373355865,2.0845843011373155,1.0289331434979878
